{"RGB_data": {"P": [180.6767342324154, 92.89824759751271, 215.24666882015669, 255.0], "R": [219.69215860453846, 95.7456997496568, 91.09000242267624, 255.0], "G": [102.40262860373093, 196.40126248351234, 82.42844356510268, 255.0], "B": [83.34329322458208, 138.43264960025843, 220.09714931761283, 255.0], "Y": [233.7257866968155, 198.50541737328058, 109.84694742792537, 255.0], "J": [182.41143772376108, 184.66148483135484, 182.8687582438289, 255.0]}}