{"RGB_data": {"P": [166.09695569770196, 88.91252072968491, 183.69171997157073], "R": [198.00918028903106, 88.81663113006395, 78.26279317697228], "G": [97.49221112574384, 172.8548810278672, 67.52725140636686], "B": [82.03224946695096, 125.37283819000235, 186.5226841980573], "Y": [198.51271420674405, 165.49761608623547, 84.63747236042012], "J": [166.55203150912106, 165.07559425096738, 154.0906578220011]}}